{
    "accuracy": 0.9752321981424149,
    "precision": 0.9645390070921985,
    "recall": 0.8343558282208589,
    "f1_score": 0.8947368421052632,
    "roc_auc": 0.9902704494449184,
    "true_negatives": 1124,
    "false_positives": 5,
    "false_negatives": 27,
    "true_positives": 136
}
