{
    "accuracy": 0.9760061919504643,
    "precision": 1.0,
    "recall": 0.8098159509202454,
    "f1_score": 0.8949152542372881,
    "roc_auc": 0.988325082732425
}