{
    "accuracy": 0.9798761609907121,
    "precision": 1.0,
    "recall": 0.8404907975460123,
    "f1_score": 0.9133333333333333,
    "roc_auc": 0.993919370527151
}