{
    "accuracy": 0.9589783281733746,
    "precision": 0.9824561403508771,
    "recall": 0.6871165644171779,
    "f1_score": 0.8086642599277978,
    "roc_auc": 0.9919631358441967
}